{
  "project_info": {
    "project_number": "618832173268",
    "firebase_url": "https://drip-4ae00.firebaseio.com",
    "project_id": "drip-4ae00",
    "storage_bucket": "drip-4ae00.appspot.com"
  },
  "client": [
    {
      "client_info": {
        "mobilesdk_app_id": "1:618832173268:android:3c59d0e0e6673392dcc341",
        "android_client_info": {
          "package_name": "com.example.drip_application"
        }
      },
      "oauth_client": [
        {
          "client_id": "618832173268-2l2ols4eaio5kjlmonjm28m1sov27eri.apps.googleusercontent.com",
          "client_type": 1,
          "android_info": {
            "package_name": "com.example.drip_application",
            "certificate_hash": "7734bd5a099c37d0171ee0f68190384419addccf"
          }
        },
        {
          "client_id": "618832173268-9rorl89uq5o6uvivg8kd49teh77kkig6.apps.googleusercontent.com",
          "client_type": 3
        }
      ],
      "api_key": [
        {
          "current_key": "AIzaSyBIcVs5B9eoiyycnWfzlwMtMxURUjs_YeE"
        }
      ],
      "services": {
        "appinvite_service": {
          "other_platform_oauth_client": [
            {
              "client_id": "618832173268-9rorl89uq5o6uvivg8kd49teh77kkig6.apps.googleusercontent.com",
              "client_type": 3
            }
          ]
        }
      }
    }
  ],
  "configuration_version": "1"
}